NGA,PolID,Time,PCA0,PCA1,PCA2,PCA3,PCA4,PCA5,PCA6,PCA7,PCA8
Big Island Hawaii,Hawaii1,1000,4.359996883659733,-0.17325719069854517,0.41555887280948167,0.05767774871263563,0.26869702407994334,0.21628027711468115,0.28035234177466656,-0.19431326833354523,-0.5118092572374282
Big Island Hawaii,Hawaii2,1200,4.241913314010193,0.0795780099229342,0.6227532492669157,-0.12935029695352718,0.5234882757223605,0.24196121966875273,0.21737452960567014,-0.13767081242984705,-0.20629430779711383
Big Island Hawaii,Hawaii2,1300,4.119417098768009,0.2001091467704733,0.6423892910873062,-0.11505352807095424,0.45172340959341856,0.30868769507790017,0.3252410203568283,-0.2514869609290796,-0.25089168242132004
Big Island Hawaii,Hawaii2,1400,3.679006924203469,0.5210952202106207,0.47253490297969697,0.055925839160666214,0.023229407736141374,0.6889051358345396,0.6258421705664244,0.029396867389381052,-0.19519085973420425
Big Island Hawaii,Hawaii2,1500,3.512774908675495,0.5853231603034343,0.34704222520532396,0.11548284206471676,0.07100864441778837,0.6581147213939369,0.8363399146734809,0.0990080729044835,-0.20467993206125967
Big Island Hawaii,Hawaii2,1600,4.228690411302568,0.09787094175567118,0.5606289837486295,-0.09161868859002101,0.3940004306598371,0.276978094188018,0.27680532955325926,0.19386677868745042,-0.14204444375412212
Big Island Hawaii,Hawaii3,1700,2.5482315723994824,1.0229192790575259,0.10267484726972206,0.4336305565237459,-0.10768301197479052,-0.1326814188723207,-0.08384842227402403,-0.24323594663218254,0.11363435949924497
Big Island Hawaii,USKameh,1800,2.175076110676552,1.3940789626978247,0.04174704267472563,0.45885721502202437,-0.15817731850684108,-0.27367173974088277,0.4111222697189546,0.12760626880763776,0.08665392659632892
Cahokia,USMisEW,-600,5.925550583329424,-1.2282184091808996,-0.47690478084168025,0.6505389322662286,-0.5376465553459547,-0.6377380637291207,-0.16533773243666255,-0.0020958366770038954,-0.38471632078571083
Cahokia,USMisMW,-100,5.594683144041391,-0.7709154827121583,-0.16133948606380705,0.32734807651335046,-0.031686004103701766,-0.6110164913669928,-0.5204310707807495,0.11132964900626077,-0.2744848721344292
Cahokia,USMisRo,300,5.6939335708772845,-0.9088716837092861,-0.2679547620625222,0.4397236322531028,-0.2283011503421392,-0.5541258466411528,-0.3215227213076009,0.04269579785330279,-0.33692166732198825
Cahokia,USMisMu,500,5.711093330960908,-0.9318025638608113,-0.2505929093855553,0.4063903459667301,-0.12730358886457596,-0.5620441294954588,-0.4182381012590983,0.021414788264281982,-0.3171442783159345
Cahokia,USMisPa,600,5.402220063780878,-0.5408681965088942,-0.0660173326644257,0.23438903051393162,0.07347267034433236,-0.5512443038268319,-0.5871439881506623,0.21115158657566757,-0.22861650628531838
Cahokia,USMisSp,800,4.6771629609575704,0.19830682877991185,0.018382513257982645,0.2916385269302304,-0.32689562833309005,-0.38840244292221343,-0.26067003238197006,0.2299016271275855,-0.262677884735059
Cahokia,USMisME,900,4.116851461497485,-0.18137156911400576,-0.31592143968590686,0.8431732913846955,0.032960712462305315,-0.1805100103169016,-0.2337324623226745,0.23503336045332662,-0.1117029175039787
Cahokia,USMisME,1000,3.975420009705608,-0.09473363293146468,-0.3459746754635245,0.9311212722462112,-0.10079567085692875,-0.4662256370171603,-0.4154131916346049,0.20965459146947638,-0.061025156343393894
Cahokia,USCahoE,1100,2.569778124297248,1.216346790057749,-0.23645752555424276,0.9238224616067752,-0.230808460422838,-0.21921532237361224,0.23523443189627413,0.05126328632819534,-0.15844553928189306
Cahokia,USCahoL,1200,2.5596066795884687,1.2205795506285302,-0.24477577922646215,0.9363067901608677,-0.251438598595757,-0.25812599437261535,0.21076978928739035,0.07335685411028775,-0.146434458178223
Cahokia,USMisSd,1300,2.9877333779209176,0.8779509208825826,-0.260866132413932,0.9170246005320036,-0.21313608924810326,-0.33685363871869506,0.3280028877430195,0.15467384641985912,-0.20428815906064662
Cahokia,USOneot,1400,4.0092185535715,-0.288754517656148,0.0073437140295097856,0.44131227584705485,-0.015332592943488882,0.06872699254541695,-0.34164868256041364,-0.37621130434489813,-0.2758677373790362
Cambodian Basin,KhFunaE,300,-0.7452591013667944,-1.3613574765575787,-0.11879719354987762,-0.7332531518264713,0.6900881525715992,0.7636394626061528,-0.5959902231517684,-0.12270813739692742,0.1604936641243737
Cambodian Basin,KhFunaL,600,-0.8128774532050633,-1.5313490448158582,0.3771370435733037,-0.4905029388176142,0.7206384256400359,0.5652600896122929,-0.4976288701736533,0.005499894715176786,0.1091329186152332
Cambodian Basin,KhChenl,700,-1.5288864299647595,-0.3128983547542776,-0.7095992121295374,-0.7144975443828393,0.02526033548774624,-0.038413011276409795,-0.20010391973626385,0.4990976366785299,0.2971987690414309
Cambodian Basin,KhChenl,800,-1.7422476990861515,-0.07538496247044774,-0.7503336171099356,-0.6454512931379666,-0.28414000267805134,0.10005347762421467,0.09013832434201514,0.7969286662687853,0.30543578778429953
Cambodian Basin,KhAngkE,900,-2.6542111935930777,0.2597586554510658,-0.3484708993616632,-0.21850033018774598,-0.3274872840852238,-0.02988724953256089,0.14500157085249227,0.035660167483434084,0.17566211860772002
Cambodian Basin,KhAngkE,1000,-2.3381671949687495,-0.08914994422878683,-0.2960434250419585,-0.31611568735554224,0.11134879348675651,-0.23264420286843507,-0.274117067813056,-0.35313610802155565,0.17253090641036828
Cambodian Basin,KhAngkC,1100,-2.6267440890842457,0.25710346910136833,-0.43262286418981477,-0.15730880384084736,-0.5388365946371078,-0.1287171595033919,0.11822491533785763,0.6108716110001319,0.3084219555500726
Cambodian Basin,KhAngkL,1300,-2.2216284513249196,-0.04146376814237492,-0.7931244217386234,-0.0038700645797799045,-0.9965981525091312,-0.3093027257226622,0.41845456228436784,0.34593770546409325,0.18671319757269156
Cambodian Basin,KhCambd,1500,-2.3499437377974424,-0.15312020055170417,-0.5355506608928883,-0.03745832064049543,-0.4544912329238541,-0.6453003605748822,-0.35282527644698786,0.22227611974350525,0.3318983732465843
Cambodian Basin,ThAyuth,1600,-2.227487169843892,-0.1316804800629212,0.4014289753956834,0.040667358642491006,-0.7566793106217168,0.07915544558998915,-0.19218540823125246,-0.2552317579547573,0.1581888397926499
Cambodian Basin,ThAyuth,1700,-2.2750206592148197,-0.07506949609004539,0.4315883545731438,-0.007462704186085243,-0.6714465423778758,0.10911477893439774,-0.2665344282308117,-0.17319417085233998,0.19857035666227602
Cambodian Basin,ThRattn,1800,-2.1679542887888243,-0.20197072275067388,0.45617419700971723,-0.11001673905015703,-0.5796471168566252,0.09037574195287519,-0.3075699374824697,-0.02320493506792072,0.1235545102227989
Central Java,IdMedng,800,-0.6710344629351883,-1.5020146832433952,-8.904885402779324e-06,-0.016704788707951734,1.217428676094353,0.301317251388776,-0.2684380788126428,-0.2267824788754814,-0.1983269953961644
Central Java,IdMedng,900,-0.718178280199147,-1.473135371182548,-0.01002665014460854,0.012611204912553242,1.1728432149879415,0.2060787091553566,-0.3289983219166195,-0.23524206853676483,-0.18143440834263622
Central Java,IdKedir,1100,-1.4198057960653903,-0.8048296889489961,-0.2143409652779464,0.3890255879621915,0.16083421302437176,0.07338098630757016,0.16784425051162052,0.4056284398189917,-0.06654298974887209
Central Java,IdKedir,1200,-1.1993499730471173,-1.0533490622705126,-0.16380502773571592,0.31270733479043356,0.5013089691563775,-0.0721970977130194,-0.14358763553196707,0.041974940330839546,-0.08473863239497138
Central Java,IdMajap,1300,-1.915634936167313,-0.0723798035026806,-0.5031354236444058,-0.01994452364351694,0.3885417420238249,0.3862849573397049,0.14833174709591063,-0.06527313033192761,-0.10466527877091061
Central Java,IdMatrm,1600,-1.8151300036494893,-0.5332478370067848,-0.6012445584224312,0.3256346450890168,0.44700046719075265,0.25162761359355046,0.3464175025056711,-0.14118408687187117,-0.12126922986473986
Chuuk Islands,FmTrukE,1800,4.311823495273554,0.3665821608426035,0.49580921841217646,-0.43954052920372466,0.3859557151919762,-0.4289354310193096,-0.6792345275911684,0.1445949754779094,0.09175468984544825
Chuuk Islands,FmTrukL,1900,1.3234934172307162,-2.097185235327015,0.8162083016259442,0.8852235048492342,0.11939339291662839,-0.8359728420672283,0.7637164440166693,-0.1540220565820902,0.4024556196105619
Cuzco,PeCuzLF,100,3.4965508095261617,1.755076739730975,-0.007562810548582493,-0.39012921845735904,0.2070766593472455,0.11065062501329005,-0.2330754481146889,0.23113310079570376,-0.16338337475622355
Cuzco,PeCuzE1,200,4.037267855245435,0.8229178406774013,-0.3534206552429428,0.13981404112449466,-0.2063536413784951,-0.09189285174215309,-0.13005066897232878,-0.2401703143390798,-0.28531316262077283
Cuzco,PeCuzE1,300,3.7533533861861925,1.1616457294508218,-0.4527632687022613,0.2529256048390799,-0.7282695938696644,0.10609099572687071,0.3129081651249767,0.5097555378817705,-0.2096952509643012
Cuzco,PeCuzE1,400,4.171592465447395,0.6805730672772007,-0.2768598275756655,0.043453500293945624,0.11745107239420567,-0.1927642779866754,-0.4033486234995851,-0.5305400075337753,-0.2937191136606488
Cuzco,PeCuzE2,500,3.9244889674605097,1.0190393197936423,-0.29046262924152205,0.11196491091655136,-0.3171234759941348,-0.06836639199901645,0.043699011381474744,-0.067796372229036,-0.30017891447636424
Cuzco,PeWari*,700,1.0975258115247648,2.1497061388589427,-1.0453097331060694,0.8549004375741691,0.2329025413635205,0.4094332671192829,-0.34862572154552907,0.06565541847140272,0.2722378703363064
Cuzco,PeCuzL1,1000,3.5484844752636504,0.5683136261936996,-0.4998455477524259,0.6170657083089656,-0.4199607956695643,0.09381160594857506,-0.4845964271748668,-0.021734484201537164,0.01886126596173293
Cuzco,PeCuzL2,1300,2.5255452587087293,0.9128386212322042,-1.1471364897776544,0.9346311227696245,-0.14044995308000188,-0.1120184609270192,-0.391065665413249,0.420367373901544,0.29653062717210527
Cuzco,PeInca*,1400,0.09823142791481039,2.1375131444655566,-0.5741984458625907,0.6220751723815697,0.23651588961974632,0.08290459771485599,-0.28550618874277106,-0.2163396716741399,0.7518058358367784
Cuzco,PeInca*,1500,-0.02958533835286272,2.2537130167390655,-0.5277121830654312,0.6216780090745514,0.22560794980507265,0.1448123387301688,-0.20846697738521974,-0.5072007017345609,0.6754648953574992
Deccan,InDecNL,-2700,3.396164998408242,1.1835754291321536,0.34859973448402526,-0.42732313515842163,0.2877848256049509,0.5127530850948365,0.15632057062218643,0.17616101418613409,-0.31697456059028944
Deccan,InDecIA,-1200,3.9445963035572906,-0.2521931591569067,-0.4843371038013761,0.02716043226106755,-0.31654058593104095,0.3555996972528002,-0.10994944119222233,0.1511507879311399,0.06794431773651315
Deccan,InDecIA,-900,3.7197350547259047,-0.17473623366370966,-0.6692419761681067,0.3673421994710029,-0.9663048820364004,0.2877312816363664,0.2883746676426376,-0.36417212826556816,-0.11285759230414778
Deccan,InDecIA,-500,3.099542452270974,0.6003743549765446,-0.3291655330957777,0.06600444372169273,-0.6698676917540277,0.4371375438790956,0.14771597306612025,-0.10176375175483506,-0.0072807804997125
Deccan,InSataL,-100,-1.75735438973751,-0.06260668678874623,0.7367037035289337,-0.291838934013313,-0.011958732742335368,0.4976303572017908,0.16003453172136595,-0.12204348167259883,0.18935385823633555
Deccan,InSataL,0,-1.7595882988496991,-0.060575811176047004,0.7375161641245706,-0.2918458754088473,-0.0121493755418582,0.49871234566705663,0.1613809794627142,-0.12712698616427245,0.18801961447826182
Deccan,InSataL,100,-1.7687403972532518,-0.05225552036771738,0.7408447325429112,-0.2918743136002852,-0.012930419699671217,0.5031451423513916,0.16689723890085237,-0.14795358698201452,0.18255335351823324
Deccan,InSataL,200,-1.781605647266013,-0.03374263634282519,0.7529838523566827,-0.30475557339843595,0.00570314195741963,0.5076842468233548,0.1567066906852283,-0.14022278245898182,0.18666274052098905
Deccan,InVakat,300,-1.8981365941950152,-0.09106298270020267,0.1937008906315968,0.05491593499627005,0.7825599813804297,-0.21303983299695264,0.5572911128028004,0.01484577880980527,-0.44732530099261325
Deccan,InKadam,500,-1.3943304420360965,-0.6067144527096427,0.3576516337762504,0.08682418553972217,-0.48304135266793713,-0.05359308958592482,0.2833090921494391,-0.1255448152283766,-0.13726444525348194
Deccan,InChaBd,600,-2.274914153801195,-0.20634170833574553,0.17925753002888795,-0.03578595043406582,0.22401612240354,-0.4956359193746575,0.2165912548284655,-0.00957384484918317,0.07603060017390585
Deccan,InChaBd,700,-2.317791378723912,-0.1673614696319425,0.1948517435579342,-0.03591918225445478,0.22035696091374174,-0.47486843938371553,0.2424347156646502,-0.10714565934053229,0.050421380262279755
Deccan,InRasht,800,-1.9474080740427198,0.21160754306868956,-0.22951617904559835,-0.3988736284026367,-0.13818397545873867,-0.3026900182107805,0.11180598298722041,-0.15302046803944358,0.22199460339754984
Deccan,InRasht,900,-1.950244426715867,0.21418610789994308,-0.22848461300305561,-0.39888244176289,-0.1384260310603261,-0.30131623766661003,0.11351554253446763,-0.1594748987390799,0.22030053901991128
Deccan,InChaKl,1000,-2.4123364436268413,0.08024246741796576,0.4359009152752981,-0.27491366144469953,0.36884544542198716,-0.2966243048755973,0.24602403841133322,0.0687397334787223,0.011194729926032782
Deccan,InHoysa,1200,-1.9828504452470768,-0.4957360449380415,-0.08792718134275304,0.17458406070276353,0.13440774997330315,0.5994080961394721,0.5596944038582197,-0.1063428553808933,-0.13155652430552575
Deccan,InKampi,1300,-0.618366921045289,-1.3343839336820835,-0.06599028461117433,0.29667512461435314,0.4644109281937923,0.04104001268412567,0.1293057880494078,-0.021295699700933153,-0.3788678821773083
Deccan,InVijay,1400,-2.2780551466015098,-0.1716847678503325,-0.17754078261239387,0.36421371435194017,0.37024534734199244,0.5603765796523346,0.32368981107181344,-0.3203165536738295,-0.2576237023467289
Deccan,InVijay,1500,-2.344060437794965,-0.09820779293076515,-0.19014234930439547,0.38557381376455385,0.274529477727588,0.6032124746489149,0.4134789462598362,-0.22817975717133607,-0.2550755040587835
Deccan,InVijay,1600,-2.408128814540341,-0.026886987793189796,-0.2023741250879284,0.40630710456202973,0.18162237461378578,0.6447913573300412,0.5006332339972726,-0.13874669985578805,-0.2526020822318044
Finger Lakes,UsIroqE,1600,2.9628855775744776,0.927308729037593,0.958654324787092,-0.3899125760874149,0.11436319179700986,-0.2880530139587304,-0.03679007321211484,0.45214650857395644,0.3527624497869001
Finger Lakes,UsIroqE,1700,2.6245322038518744,1.234910149085573,1.0817116067733639,-0.3909639369438386,0.08548796404379924,-0.12417237729632415,0.16714621646969247,-0.3178135966541561,0.15067460545646832
Finger Lakes,UsIroqL,1800,2.4215212440097873,-0.02772551325694687,2.608407580334734,0.7894975977550245,0.4232435008775213,-0.4211797075333559,-0.39316892164655565,0.17865977162296523,0.31753253577276563
Garo Hills,InGaroE,1800,3.930892522423796,0.3100915442805019,0.27362945059519367,-0.34382970063993123,-0.6568875165746072,-0.14031453449323839,0.31869654215780385,0.2208463727811022,0.18732412977114352
Garo Hills,InGaroL,1900,0.7174858548014212,-0.953460060359623,1.6119450945613631,0.33021548287204705,0.034260933370041845,-0.22436123564381721,1.0607053662429895,0.009818054847619767,0.30001830211810465
Ghanaian Coast,GhAshnE,1600,1.8906545688596066,0.9581877343635165,0.9019350342277173,0.3453289165087085,0.04452517254275267,-0.3512444592111181,-0.42402922417766353,-0.37346628582727487,0.4393837922443504
Ghanaian Coast,GhAshnL,1800,-0.23665252439795423,0.5379194602423106,0.6944186478676961,-0.8758144002375194,-0.1314911157365875,-0.8305290359664991,-0.09308282172634101,-0.1754182359536063,0.989126106831612
Iceland,IsCommw,1000,2.5991751933096365,-0.03980464398253676,1.9930552435252213,-0.41635814607526606,0.6456674063957601,-0.5244981089982196,0.05955179364066691,-0.3651334008590302,0.525137477144642
Iceland,IsCommw,1100,1.9365789663119408,-0.5527047558489216,1.8078092782387216,-0.9065942331227117,0.5504114290049387,-0.8814272912364578,0.03326130186335294,-0.24248112717626658,0.2583917980835719
Iceland,IsCommw,1200,1.2634585588516665,-1.300943742594736,1.7563925507873286,-1.7205820656733093,0.2780191578806173,-0.9381184249546541,-0.14641033602269535,-0.006222120323001859,-0.5232099531179251
Iceland,NorKing,1300,0.5942044018437814,-1.1807587084964313,1.2436772290751796,-1.4081905343296657,0.6086037701726601,-1.6612342394235917,0.019048633017577324,-0.16838713557651006,-0.4818890153245403
Kachi Plain,PkAcerN,-7500,4.348745171496363,0.038534693731551176,0.21431736734878043,0.4270938454162173,0.15526735016445273,0.5041670340786063,-0.157470047504363,0.19884657300645434,-0.2221317445138356
Kachi Plain,PkCeraN,-5500,4.5270018013134825,-0.10820642917253157,0.13052546599617548,0.4404313637985751,0.11961012245095667,0.26605372333004806,-0.36823226050288055,0.8851976045063394,-0.03160012843862268
Kachi Plain,PkChalc,-4000,3.4259529613537363,0.7475934632274861,0.13873912738730063,0.5669206711370915,-0.026545738311540334,0.39866555757444444,-0.1485442249226844,0.12857412043551306,-0.1461415336586506
Kachi Plain,PkPreUr,-3200,3.7277162666172607,0.34582825195717287,-0.10684101852923508,0.7781397276367119,-0.278335783335461,0.17324575003088355,-0.13861643665913456,0.28079388302552166,-0.11664376910295735
Kachi Plain,PkUrbn1,-2500,-0.4628000679855272,-0.020013754987701315,-0.6142818705841211,-0.4515314279439784,0.015306717283521504,0.9106372203322485,0.1908381056199,0.5767655580813944,0.09174798535927992
Kachi Plain,PkPostU,-1800,3.190743613219132,0.23090982040168492,0.398490924415785,0.5134125590609465,0.563086423823902,-0.07134681866245775,0.35895772542029825,0.23702145766947627,-0.008783344961641185
Kachi Plain,PkProto,-1300,2.396984136189296,1.018903550318721,-1.0802669496106088,0.6954498898177892,0.6194339926154768,1.236020583567723,0.0569214278817943,-0.7955343433801534,-0.07591825005933059
Kachi Plain,InMaury,-300,-2.419707093213188,0.12254854093613317,0.1779399094270045,0.10841128023393268,0.520449534935706,0.3354077166064755,-0.31816276070486427,-0.24023629784551961,-0.08344445979032991
Kachi Plain,PkIndGr,-100,-1.7824647924662373,-0.6149714767951661,-0.3634767830242761,0.43716076523147573,0.4493772917986886,0.4469825359524118,0.5225157247425237,0.11043355245110126,-0.05994886184079647
Kachi Plain,PkSind1,900,-1.2097068800403659,-1.017384393292018,0.014226223348778912,0.1532782817006967,0.5782799390024882,0.49545681827860427,-0.4026276651026833,-0.24608138529464288,-0.11921619935462222
Kachi Plain,PkSind1,1000,-1.3725962474342959,-0.7677013213420703,0.043032984819435446,0.19949279130547168,0.18710045821240828,0.6802917121284175,-0.17923732943136855,0.04049463337137794,-0.10979020173605167
Kachi Plain,PkSind1,1100,-1.1705346943181134,-0.4088508650223445,0.49638664905083735,-0.029313676289456414,-0.043692366688159616,0.1732534825126351,0.5034233572501241,0.31884560865363337,-0.37445570760230595
Kachi Plain,AfGhurd,1200,-2.260417375165176,-0.22608552260939974,0.010700464368818044,0.056581040964079524,0.9271863767028089,0.48779565830274896,0.10906562569202669,-0.5023321364019356,-0.2356820163961236
Kachi Plain,InDelh*,1300,-3.272979091312199,0.03397772637529188,-0.19912667714223398,0.4649256898016669,-0.042855767443907886,-0.7798362849299576,-0.3753796595780873,0.6426367736954866,0.5000799899572067
Kachi Plain,PkSind2,1400,-1.543246761020669,-0.42670158960133836,0.16504124383244495,0.22987032507707802,-0.37543701143816943,0.9680351757628252,0.03410172575519195,0.30360457089079607,-0.1152548193906052
Kachi Plain,PkSind2,1500,-1.2752199773814352,-0.7343480575659935,0.241429812008532,0.12827812342589792,0.07529022213768127,0.7866065508381904,-0.36495100126856334,-0.2374732748551162,-0.1545147212586493
Kachi Plain,InMugl*,1600,-2.1548700579529347,-0.32217623006215773,0.02356801655826633,0.05495768309760602,1.1080960739287362,-0.08798988491120872,-0.20698187780474528,-0.4680936053609705,-0.1519655111967944
Kachi Plain,InMugl*,1700,-3.1941004471122603,0.8095917115583231,0.03593104487721708,0.22076345668241618,0.12728079288206792,0.5267473131470491,0.876264163676058,0.06122635313067161,-0.2418766751766524
Kachi Plain,AfDurrn,1800,-0.9859977857521779,-0.5360016431789322,1.597144931925863,-0.1344827037550391,0.04080449618426635,0.08814778691215278,-0.2568106685058003,-0.2578776278618987,-0.5265616816779003
Kansai,JpYayoi,-300,3.672125134228914,-1.168547229735289,0.13317508666696362,1.8511778896120505,-0.9841756403166783,-0.11178236454955551,0.414763179501573,-0.3030495027600004,-0.10701573898427184
Kansai,JpKofun,300,1.4962983574022746,0.24227054866122624,0.3027459792589455,1.1122268853724524,0.3692609123594647,-0.10943827540072164,0.6090697060612311,-0.1296566461629591,-0.17718864514654065
Kansai,JpKofun,400,1.0533159750697472,-0.25994762257114845,0.3649881354504514,0.5093005757476957,0.19493643772939592,-0.2282923162890019,0.5988450052430293,-0.26706718975944166,-0.15335108485810994
Kansai,JpKofun,500,0.35697859273519095,-1.074558810521511,0.1141907403430057,-0.0672088750910779,0.04015918570844841,0.06124606243720569,0.264574193146955,-0.413853348250859,0.09972187550350271
Kansai,JpAsuka,600,-1.6054526821085422,-0.5623294926858534,0.030486624854128636,0.09472935640781971,0.29561040994338283,0.31291885508699924,0.6902665649381252,0.24592903904610305,-0.294890231855346
Kansai,JpAsuka,700,-1.4853826178479594,-0.7064644963876204,0.08187159488401573,0.03910672940253519,0.5397646604740494,0.22654777379447627,0.4880529398271033,-0.1100906982928272,-0.3321573584223422
Kansai,JpHeian,800,-2.2510736195633574,-0.40866938809094194,0.034658195066122756,-0.09787523016966052,0.13082973498021977,0.24735945260862002,0.6276051656191735,0.1908107689816432,-0.004108615313395402
Kansai,JpHeian,900,-2.2780040938387907,-0.38418654626628757,0.044452662106527936,-0.0979589108677029,0.12853147629980646,0.26040316256582213,0.6438370150098808,0.12952752957184557,-0.020193341861977562
Kansai,JpHeian,1000,-2.251851276308664,-0.41157514904012343,0.04475882197754531,-0.10366126203563904,0.1549229048174089,0.24482182820918635,0.6146627617582892,0.12404770525085375,-0.01582939903369043
Kansai,JpHeian,1100,-2.270353370181527,-0.39475465664621756,0.05148793290083678,-0.10371875334138778,0.15334392787796752,0.2537832725421106,0.625814559460976,0.08194416719963052,-0.026880118656280753
Kansai,JpKamak,1200,-2.11698403030728,-0.12750850940500758,-0.25806282200053116,-0.2716776883903721,-0.33887968540257274,0.14524160801829167,0.047171952782480486,-0.12529295621895126,0.13780145576985517
Kansai,JpKamak,1300,-2.068591857430918,-0.18155890833043836,-0.24833388898194228,-0.2876266405540833,-0.2674991904209341,0.11369076054448164,-0.019326853996790586,-0.19608750560208787,0.13537141149782675
Kansai,JpAshik,1400,-2.1863390009806705,-0.03943439215116468,-0.18204515951032604,-0.2848454119567917,-0.45970936140603075,0.22128995345317257,0.010891459342054044,-0.2841995500128905,0.08437104021113477
Kansai,JpSengk,1500,-1.4980317469261282,-0.7111534000586439,0.39319329658640145,0.11108859160463358,-0.8064400881729856,0.3046203324880922,0.04750222313895214,-0.792041626933387,-0.054012765186425796
Kansai,JpAzMom,1600,-2.2516875298387844,-0.3255573499120121,0.20124876648182913,-0.03168031657998421,-0.15476801199180792,0.49861964841680273,0.1847114463067434,-0.42272855659912695,-0.028388822991540785
Kansai,JpTokgw,1700,-3.263212407429029,-0.1746839645979031,0.07632835582451115,0.6155456185702756,-0.41175886860159894,0.31881190837545925,0.6279402396196808,0.06693732279663277,0.0945439049103094
Kansai,JpTokgw,1800,-3.2824970534175297,-0.15514702671494196,0.07789334247279614,0.6186955178022211,-0.4268128183516623,0.3297697630962855,0.6470066832969275,0.059123401551118816,0.08927288130272361
Kapuasi Basin,IdBrokE,1700,4.709752586049827,-0.48659148341134595,0.08954454978695621,-0.18151268344421334,-0.7548798519941082,-0.4909413597598418,0.3788502334559892,-0.022946027192757363,0.059621013768413084
Kapuasi Basin,IdBrokL,1900,2.391208746070216,0.048098583214414285,2.7266507807833174,0.6719079160794786,0.6079226158438148,-0.05905451027350954,-0.1559252317913455,-0.21439635623900158,0.16838861612537684
Konya Plain,TrNeoER,-9600,5.614786696487569,-0.12235854243448545,-0.15343978717161003,-0.3160813239030777,0.1882167794454273,-0.11439596943325929,-0.021883185171507717,-0.1530090919428454,-0.49063062488759995
Konya Plain,TrNeoCR,-7000,4.949859546062422,0.2723544258171915,0.2849504103378726,-1.028186840701631,0.5762081963820475,0.02356694255297887,-0.14322417022433256,0.02595162262503894,-0.06883753088357505
Konya Plain,TrNeoLT,-6600,4.698002074732929,0.466751448116815,-0.15838120863777835,-0.39015054456162346,-0.7916826573702593,0.31140723309181173,0.9878044467503336,0.19738535490447717,-0.32115849473269437
Konya Plain,TrClcER,-6000,4.059571690452063,-0.7468511634445725,-0.5592655199700921,-0.1905750834675989,-1.6546826010134257,-0.42156168604118077,1.112504320140213,-0.36280261865552027,0.10009681887857923
Konya Plain,TrClcLT,-5000,3.722539661686382,-0.05056293508569536,-0.42462038082854986,0.17333987650682786,-0.8151174432672096,0.12811992987303805,0.12814428385353935,0.12360567251255633,0.020035819729254882
Konya Plain,TrBrzER,-3000,0.9264311073437038,-1.019977548649821,0.45396748577396456,-1.2853903379104163,-0.6004798242038593,0.25536812610137527,0.19895845025754516,-0.6190139410675595,-0.17468384756803387
Konya Plain,TrBrzMD,-2000,0.10988146244776299,-1.023914512640565,-0.26189773088684726,-1.000814547426334,-0.5181000651548299,0.6463601276042047,-0.2807509792902276,0.08510947592019365,-0.10355881234281722
Konya Plain,TrHatOK,-1600,-0.7683796848668414,-0.20345231437505415,-0.7751366528291649,-0.11790760476229788,0.47980689710171054,-0.20690961021658583,0.0952988667559039,-0.2927364576781152,-0.20153798893950398
Konya Plain,TrBrzL2,-1500,-0.9976507755248273,-0.3381815497500967,-0.7498345007302304,-0.4272542557323864,0.4514815875329341,-0.176294201700455,-0.058749878383481474,0.13307374600663077,-0.17648537729907146
Konya Plain,TrBrzL2,-1400,-0.9028632410807589,-0.47908038821756815,-0.8441979251453438,-0.3238698216502952,0.30116629711819337,-0.20861973859951502,0.028179968893115654,0.05168002650994385,-0.21454921898619547
Konya Plain,TrHatNK,-1300,-1.0607559833365316,0.14871055481341905,-0.6472267894145411,-0.19898669388754409,0.5442831599009518,-0.36888706715961594,0.07807787598092397,-0.21658972764919093,-0.18218778712821926
Konya Plain,TrHatNK,-1200,-1.0858076722958847,0.18594914210998018,-0.6222871897989213,-0.2263104838885549,0.5840104502391863,-0.36034365160831067,0.055102919326234255,-0.19507793122959916,-0.17212777735861645
Konya Plain,TrNHitt,-1100,-0.11675476491552832,-1.2487659705769811,-1.3305117575433338,-0.055415689697232304,-0.1831573393148612,-0.4115823773576022,0.7593170066533217,-0.29926482934517057,0.3024592669627534
Konya Plain,TrTabal,-900,-0.2576506501988294,-0.6280198518739878,-1.6048436612337906,-1.0183819290410547,-0.3661350741703551,0.36830033239909554,0.14319823740903698,-0.45248372489321514,0.09004661105847904
Konya Plain,TrPhryg,-800,-0.4359397480362609,0.21714576777516204,-1.4221608172496325,-0.9313497464196335,0.46450627326838817,-0.056157579662700303,0.3395504856117185,-0.3378738439500443,-0.08149542832012173
Konya Plain,TrLydia,-600,-1.6732822180236753,-0.714768993758967,-0.26962645380094985,0.3380056852717639,0.7550689014791101,0.09838175245746507,-0.044474514552529085,0.06917189344428325,-0.16293223795614759
Konya Plain,TrLysim,-300,-1.5638114279024131,-0.36556167766056274,0.27085575328017175,0.12344217955383503,0.33394399231174854,0.18482285285574349,-0.09283706808694193,-0.11573201561577036,-0.10668805075783816
Konya Plain,TrCappL,-100,-1.1962064049858565,-0.3510549328171649,0.36412316903485586,0.1750726795146615,-0.19639298537705427,0.019551610086561862,0.3134645289039902,0.5565698264055894,-0.1526336837773381
Konya Plain,TrRomDm,300,-3.3502301403869033,0.7995476112561681,-0.01181084878844874,0.45710507306247583,-0.344636981020903,-0.15045324130951684,-0.2633681890486519,0.009090771543398763,0.035953136722782504
Konya Plain,TrERom*,400,-3.299170038005519,0.3006828119119058,-0.12255548411628779,0.32950769832609317,-0.38327618186554674,-0.8395963321159094,-0.28102207533687107,-0.06126163706084998,0.24548907197090553
Konya Plain,TrERom*,500,-3.4068639204869573,0.4195267375996729,-0.11315688713653249,0.33789091487712425,-0.46428795992782185,-0.7780532036992068,-0.18354317175124749,-0.019059251903321306,0.23654137260497513
Konya Plain,TrERom*,600,-3.1902332676029523,0.19026031264264123,-0.10315034515823224,0.2859472052189434,-0.22724718246558054,-0.9093159221279038,-0.43568940950133855,-0.11074649769467428,0.2648677308840012
Konya Plain,TrByzM1,700,-2.5943459874394597,0.19008242800089836,-0.27136223824705136,0.7721070423284613,-0.063056281031688,-0.9125414779447263,-0.5720514290647655,-0.02198566893132732,-0.1751346626718519
Konya Plain,TrByzM1,800,-2.643067190022651,0.24561704029806172,-0.2643537274049095,0.7718170648113305,-0.09252321923319515,-0.8853652980060552,-0.5339741833593702,0.004006745081014789,-0.1764203904039691
Konya Plain,TrByzM2,900,-2.911226395940286,0.48781968234594764,-0.29641195797862413,0.846554563364434,-0.32913039689522067,-0.8298840108629177,-0.40696554233865084,0.10946867184392615,-0.1605108418591152
Konya Plain,TrByzM2,1000,-2.957586482542379,0.5516368187328328,-0.21401928595129055,0.7673624089094632,-0.16524912939621725,-0.8243810607266792,-0.5056684207075197,-0.01618353718735458,-0.1659109953934008
Konya Plain,TrRum**,1100,-1.7901323179427457,-0.4109717957144106,0.0405680871295948,0.23340278923227933,0.274676862296132,-0.10004530878957357,-0.05095573777032661,0.0502840454770508,-0.16671276393571227
Konya Plain,TrOttm1,1400,-2.117055182159885,-0.554315499468619,0.08757777518028081,-0.10695178865213008,0.5227377665712654,0.1096113595316202,0.09558392279005641,-0.3337363406551015,0.14677076802461275
Konya Plain,TrOttm2,1500,-2.8936184443986925,-0.024939286475089927,-0.06493935948125903,-0.014773642473232417,0.30487348922179225,-0.13936741817656206,0.23524293873534027,0.0992324977230762,0.1524185807636394
Konya Plain,TrOttm3,1600,-3.632631236715291,0.571694034700833,-0.10757393195351798,0.21586319970672346,-0.17462321203811187,-0.6866818921043273,-0.02369528832379789,0.06994834101867725,0.26661397475524024
Konya Plain,TrOttm4,1700,-3.6071859531772525,0.5522792411176782,-0.11389428845626967,0.21223681845618894,-0.17325004080927947,-0.6630512074623316,-0.004303636564941671,0.11204995958493633,0.26963915037412445
Konya Plain,TrOttm4,1800,-3.6304291342015125,0.5969957677390888,-0.058441774941932124,0.14836621625046914,-0.053705554242152044,-0.6635115792791288,-0.08764698975565222,0.11737780490341777,0.2888584141360419
Latium,ItLatCA,-3600,4.068841097165415,0.53254749951106,0.564621992520392,-0.6729475890883927,0.16470156959060087,-0.07285126200502375,-0.05170138977940407,0.0751480496377366,-0.17753679995699065
Latium,ItLatBA,-1800,5.240223990668617,-0.9619374134916862,-0.07224112747772446,-0.09786778982634055,-0.3241334098737052,-0.6174432429865983,-0.07258406194476727,-0.4323954525642935,-0.30900576574723454
Latium,ItLatBA,-1200,4.570165535670439,-0.014263645293297145,0.3498468617442267,-0.5620498567238512,0.11573148147679305,-0.32377992034747927,-0.2401532198242117,0.5134175806859614,-0.05375441853751934
Latium,ItLatIA,-1000,4.65418190510925,-0.7554499573255793,-0.3581447442277837,0.15475004855541316,-0.5898940252159464,-0.27495821281154553,0.3019948707790768,-0.376848583206896,-0.254164270721076
Latium,ItLatIA,-800,4.285420138159772,-0.15554443825293526,0.04972149842152875,-0.33042745233882825,0.1047708350297318,-0.15765039952074977,-0.14599778538392946,0.27308469387254714,-0.010775411245392162
Latium,ItRomRg,-700,0.5255884122738073,-1.566633082159301,0.5043129557022741,-0.5940599589564891,-1.2961112404833932,0.17420736146947374,-0.05602311557501804,0.17336282575764872,-0.16427731096431286
Latium,ItRomRg,-600,0.34234557727865234,-1.4800936478789612,0.3664006674134168,-0.5235949037759947,-1.295570038043703,0.15717914083256712,0.190143887002688,0.3274373542824159,-0.16259383155517973
Latium,ItRomER,-500,-0.054035421866329265,-1.2975137868923439,0.5349882350786996,0.26205845451991644,-1.2770538155974598,0.13868435080109487,-0.04883460079376325,0.14622218498014816,-0.3252533048704112
Latium,ItRomER,-400,-0.09300123331627302,-1.2620894646713068,0.5491598887987859,0.2619373765816455,-1.280379175317763,0.15755734715466255,-0.025348672682233984,0.0575512196097999,-0.348526360350452
Latium,ItRomER,-300,-0.7585947847371639,-0.5118197631468768,0.8447757587833347,0.05953436753393507,-1.0925568291541212,0.09856925884614592,-0.26758862357322416,0.08492392924214806,-0.2618637214095051
Latium,ItRomMR,-200,-1.7223839696945853,0.14375988546077473,0.7727022461199163,-0.02117066576733769,-0.7522338144420118,0.5608297446023518,-0.37991644459353174,0.17480043830956277,-0.13259089379982691
Latium,ItRomLR,-100,-2.319166516307138,0.6960451522325178,0.9247447713567801,-0.07779147304544615,-0.7900586770600949,0.4825062963311385,-0.43926182633908495,-0.0699200072313289,-0.1929389140113178
Latium,ItRomPr,0,-3.2437126399463847,0.9104869320783099,0.24991459454061735,0.37910236757043814,-0.7258955631989749,0.013943549072062467,-0.5007638988551788,0.00016172852039982364,0.02376747334436321
Latium,ItRomPr,100,-3.282589635389268,0.9601187367342703,0.2750248908080724,0.3563311420484108,-0.6995834158663469,0.030517880045375423,-0.507178676329881,0.004633369603361211,0.02696233135438552
Latium,ItRomPr,200,-3.267071417343332,0.9369601230131724,0.2648522178137768,0.36851427535382586,-0.7109431844747746,0.023760596883759887,-0.5016545151075518,-0.026902846026285468,0.018618538158408682
Latium,ItRomWe,400,-3.2968709516519072,0.6446612822444405,-0.121844677544593,0.5979458980900062,-0.5275908556603458,-0.5850366506106125,-0.5722902222623392,0.04588782853092013,0.09830629284579757
Latium,ItOstrg,500,-2.3962431734079503,-0.01331079628205135,-0.001291508831075908,0.36554638432066056,-0.18143926614934205,0.0404573253302197,-0.38630475955205507,-0.0016193793915506227,-0.011752303904900186
Latium,ItRav**,600,-1.4902857276151116,-0.6365265638448039,0.08186530692205782,0.36758030451435136,-0.3045445444362519,-0.2494095701399265,-0.30504589191939413,-0.061757631087658936,-0.11136570485641614
Latium,ItRav**,700,-1.6788271274333741,-0.4310191013371611,0.05776279187741671,0.42158824162277125,-0.5486859753530106,-0.13058097565316049,-0.06481323827127893,0.12269389717367264,-0.11772285107863577
Latium,ItStPet,800,-1.6485786027537752,-0.47222746409445465,0.02435704100216758,0.4336336806166565,-0.44463325196606823,-0.2549556098777985,-0.06495243712584241,0.12836244513981773,-0.09204855820678777
Latium,ItStPet,900,-1.514713397314293,-0.6134753882177656,0.028797292321894093,0.40275320069055115,-0.30247648340173766,-0.3355627219821471,-0.21820781746159498,0.08129341678468255,-0.07300550756840343
Latium,ItPapEM,1000,-1.3493425048029668,-0.3903701104181317,-0.6818285678932898,0.47191326043843035,-0.17796489490664782,-0.9335425502132916,0.0345096258148315,-0.02984107804872813,-0.46548682335070024
Latium,ItPapEM,1100,-1.2395776545620922,-0.5337766641318461,-0.769482726659033,0.5544190107808715,-0.29484901633272775,-0.9758797154155154,0.08317056122674064,-0.016848217266833106,-0.47538752254854016
Latium,ItPapHM,1200,-1.5790286585803857,-0.749348804853914,-0.13658693521126616,0.34271705105168065,0.08324602569003896,-0.6399074828951847,0.2015906233067926,0.16218055036820692,-0.23932574513046095
Latium,ItPapRn,1400,-1.4226630831705054,-0.6013901438396841,-0.19553963356563514,0.566077761339243,0.22866034360922488,-0.5428713622439145,0.1490626102750523,0.184281247653333,-0.46869164291855164
Latium,ItPapRn,1500,-1.362961716793442,-0.6870865174875435,-0.1318643173505563,0.5159614027566585,0.4438781335366545,-0.5971339613325217,-0.003561913708487974,-0.24512936894723317,-0.5309334859576046
Latium,ItPapM1,1600,-1.9033481764149587,-0.6442266292818722,-0.28176588260077867,0.45365396092080873,-0.2041156991268859,0.03501998928125112,0.16332911880268403,0.08471857862986065,-0.13497443256030844
Latium,ItPapM2,1700,-2.071093227454287,-0.516879244037127,-0.051240335111716065,0.63440333567006,-0.3699225843515573,-0.3665336534698778,0.16477342180647012,0.1207775590055743,-0.18266854161965845
Latium,ItPapM2,1800,-2.1103096843941365,-0.47697070198069785,-0.04854437902991278,0.6410954560985622,-0.4017329353408107,-0.3441057925802489,0.2042107601710011,0.1081083405970493,-0.1928296530141067
Lena River Valley,RuYakuE,1400,4.970462120443503,-0.6180164439006957,0.15288725232811382,-0.3762516250398333,-0.2587366396673111,-0.812718117896031,-0.2394422900515229,0.2550567683472018,0.2186670769864395
Lena River Valley,RuYakuL,1700,2.085955240484416,-0.2201578385981713,2.123572219196445,0.8501675885194804,1.1205980274892884,0.25003321707839327,-0.38550496468435774,0.2662599595448846,0.4908694899209309
Lena River Valley,RuYakuL,1900,1.5749662443922854,-1.6933710171631557,1.4445798600875117,0.31206277297046925,0.6806062566951195,-0.3001661278327911,0.3952287715215063,0.639465175469063,0.8371565573958453
Lowland Andes,EcJivaE,1600,4.537030898250095,-0.37565126589803133,0.7715399951541949,0.8248416940786043,-0.03025110974737614,-0.48788645639235717,-0.39346407663492533,0.712677392394694,-0.16345807855346817
Lowland Andes,EcJivaL,1900,3.7574440719386746,-0.7011861774034128,2.049212896015014,1.5986794881359685,0.37349852333626504,-0.4468426468864126,-0.4700489823408236,0.8831912977688345,-0.12936360401669056
Middle Yellow River Valley,CnYngsh,-5000,3.654919735834191,0.8495111415375496,0.08992085658752318,-0.37746154966361417,0.18299220453524076,-0.21082241161416215,-0.31450442960778013,-0.5036876076265675,-0.004738401747993875
Middle Yellow River Valley,CnLngsh,-3000,0.4415549640105602,-0.7915935529930271,-0.06732091564422452,-0.7304148081752341,-1.4124115520342084,0.39272542848450803,0.11550331317484358,0.08137098066198045,-0.25097092282307587
Middle Yellow River Valley,CnErlit,-1800,-0.06252769396334816,-0.3330494521812429,-0.4526188068348392,-1.0528077775205895,-0.5183787142456675,-0.0732619524209368,0.12376861906966369,-0.16611350775924774,-0.1297677440392059
Middle Yellow River Valley,CnErlig,-1600,-0.8411571938277362,0.7865927561921608,-0.23586470247973296,-1.2282271081584655,-1.0180660478623609,0.8801918125590338,0.4955380512155371,0.29557946066482055,-0.10938943406601623
Middle Yellow River Valley,CnShang,-1200,-1.3034878673729364,0.6276000723600907,-0.2678104260528772,-0.6645507913603376,-0.2935432329614005,0.6324125083881391,-0.03541547461913906,0.014003983917799596,-0.10789702602476359
Middle Yellow River Valley,CnWZhou,-1100,-1.6620018572194,0.7005842619462114,-1.0708187288318372,-0.6408795694923671,-0.038545584368088213,0.025550458254554625,0.12968711318532106,0.20821630725761417,-0.09790321351588178
Middle Yellow River Valley,CnWZhou,-1000,-1.621235224341303,0.6418133613791033,-1.026648879150983,-0.6755074116797479,0.11011132498325102,-0.011707061706506648,0.024526553110537534,-0.08956888480399285,-0.1411952729089398
Middle Yellow River Valley,CnWZhou,-900,-1.7192022596979606,0.7369136851000362,-1.0074252665571923,-0.6661468563953304,0.06137791221225589,0.04061307215222344,0.10598563676539471,-0.20389345171852238,-0.1808975445727182
Middle Yellow River Valley,CnWZhou,-800,-1.746270100255742,0.7615214083853126,-0.9975808401469237,-0.6662309639297618,0.05906793063206838,0.05372331513541386,0.12230028116311287,-0.2654892831265841,-0.1970643156878373
Middle Yellow River Valley,CnJinSA,-700,-1.229343069177763,0.09413005146194235,-0.7935314152011614,-0.17944798664660588,0.061301689446088777,0.11926015651408339,0.296284859685842,0.20023286512435512,0.0943818928806926
Middle Yellow River Valley,CnWeiWS,-400,-1.053010702116992,0.06648080633140886,-0.7738792818623,-0.017612648982505724,0.17570420023252925,-0.17601601724926233,0.07019810900920925,-0.28771993442534094,0.10574424484572541
Middle Yellow River Valley,CnWeiWS,-300,-1.42455954237993,0.4380354178963299,-0.7305335928820395,0.035302694505654715,-0.08186655762367376,0.03118778320172295,0.4195202284648121,-0.5256095978547443,-0.01093720651688785
Middle Yellow River Valley,CnWHan*,-200,-2.969914353662294,0.4644485158406892,0.3762031982213232,0.4040032644699604,-0.35323363294883164,0.1414788021763377,-0.32157010484041304,-0.18906759609095392,0.012341126007234289
Middle Yellow River Valley,CnWHan*,-100,-3.026063033903402,0.5479118517514023,0.43210065114079527,0.34276209425460313,-0.26419233414991855,0.1606272719156625,-0.3730641776293,-0.14085292359780419,0.03488875833223808
Middle Yellow River Valley,CnWHan*,0,-3.032647004997079,0.5576987281064348,0.43865516342232397,0.3355809798862968,-0.25375138816653847,0.16287261358194008,-0.37910235137233134,-0.1351992909812786,0.03753268440175938
Middle Yellow River Valley,CnEHan*,100,-2.869183597168832,0.7329681974283624,0.20275086860030447,0.30122305997539023,0.07061076439766222,0.3676417368444634,-0.0282628551441305,-0.10270389108880829,0.16916120716953328
Middle Yellow River Valley,CnEHan*,200,-2.244053680575222,0.18816455861604497,0.19299585023407145,0.2908907871518007,0.0722401126562269,0.18150244146585343,-0.4866683224560232,0.12605895090494904,0.28334417582667026
Middle Yellow River Valley,CnErJin,300,-2.8883699913567638,0.7022042835971934,0.2558976294508621,0.23752308165520813,-0.17677002538226042,0.27443700780897573,-0.020620095139333862,0.009468236381290284,-0.03282315173509945
Middle Yellow River Valley,CnNWei*,400,-2.1799013645447376,0.0816246253939468,0.19543271161193074,-0.22130449360807303,-0.6892436602651555,0.4184280665219697,0.2407549347556822,0.2508368267525212,0.15249674589164852
Middle Yellow River Valley,CnNWei*,500,-2.477420955171699,0.4172664825147833,0.3749500775782197,-0.344978853302572,-0.5260207466487946,0.5463557081653074,0.2485446000068807,-0.07245064354790436,0.08753076334786443
Middle Yellow River Valley,CnSui**,600,-2.746181320948166,0.5629911221924215,0.3055809321612199,0.017082532848748496,0.20912307381078163,0.5607704219253861,0.36559141267975687,0.022640123402022993,-0.09525461570168624
Middle Yellow River Valley,CnTangE,700,-3.045011425567181,0.706343462083147,0.1251271606539866,0.18937337693045517,0.06160717769851391,0.2430892749139978,0.4336025173086873,0.13168188283817975,-0.1263300298445765
Middle Yellow River Valley,CnTangL,800,-2.9948103130481183,0.5710640106180056,-0.03875386592509745,0.23892322222416282,0.2711749824626051,0.40062618917818227,0.7310295480965258,0.09644681813098836,-0.1336384585371926
Middle Yellow River Valley,CnTangL,900,-2.941068116837651,0.48251436449549656,-0.10173648172762435,0.3138593617472002,0.16087359085869019,0.38444892131693126,0.803122345024777,0.0032670679576684743,-0.17020769469414732
Middle Yellow River Valley,CnNSong,1000,-3.6058922035247263,0.3883643362868749,0.1531402666053096,0.7447420850640134,0.12053129073610468,-0.12036171827223645,0.11161641481200782,-0.1725724978760799,-0.05230839261294757
Middle Yellow River Valley,CnNSong,1100,-3.6753386771667858,0.45729460544951905,0.11325410811234483,0.798957432575624,-0.04831093409751503,-0.06838129398692967,0.25719967290765455,-0.06357557142941368,-0.057773429664209064
Middle Yellow River Valley,CnLrJin,1200,-3.323876348619788,0.3958464964472843,-0.06629120515648405,0.4527599958754685,0.2633526614014288,0.2125446735564685,0.2888981596398608,0.00855254682443862,-0.06025499216534911
Middle Yellow River Valley,CnYuan*,1300,-3.7033087582558397,0.6972635359533887,0.3920465422343921,0.5254946825841504,0.30195111297739,-0.1875311758418288,0.17191860307486492,0.14386763402684877,-0.03705151471558449
Middle Yellow River Valley,CnMing*,1400,-3.151012359296817,0.2976452763704579,0.5638322254046475,0.5125119295970423,0.09263397885446831,-0.20207961567532495,-0.2602541931041131,-0.2872957360065876,-0.0878702246869652
Middle Yellow River Valley,CnMing*,1500,-3.342231024306067,0.5177436045463838,0.5293413659913037,0.5661593986950225,-0.17854967172456085,-0.07814597651032594,-0.009355357954639824,0.03834170866775945,-0.06582806956188965
Middle Yellow River Valley,CnMing*,1600,-3.494348758327856,0.536819679128976,0.4052417102531228,0.6276030020622438,-0.057597184833057695,-0.13690154422828024,0.17802053862298461,-0.10453313676794344,-0.1150211576310918
Middle Yellow River Valley,CnQingE,1700,-3.8814181935590204,0.7771426459611589,0.3351805785954448,0.650549426288403,0.13713752856450487,-0.43257627121833025,0.010452155959618946,-0.03523761975485953,-0.014667421922115637
Middle Yellow River Valley,CnQingL,1800,-3.9558040469981766,0.8929412009536216,0.34237844412510926,0.7111138742457058,0.09008625485457179,-0.37434546716079253,0.09273081331302556,-0.20802145144380282,-0.10851136282359237
Middle Yellow River Valley,CnQingL,1900,-3.996907099693171,0.9361202475311565,0.3415337332006661,0.7202901261230691,0.04771360612084084,-0.3497491662433702,0.13907909206551594,-0.19700250318512347,-0.11495314907998465
Niger Inland Delta,MlJeJe1,-200,5.038095483867071,-0.8448929775406284,-0.45571189769877285,0.2573906134715484,-0.36994595268223457,-0.2954581740009209,0.10332717328569056,-0.17049860314294807,-0.1360179326084703
Niger Inland Delta,MlJeJe2,100,3.991107573562987,0.4089757009480618,0.018242968849823574,-0.07959131913951542,-0.20312945041278138,-0.12350023659857426,0.025540755492112717,0.08138144288534424,-0.0344469850714093
Niger Inland Delta,MlJeJe3,400,3.003892457960253,0.6644810243197407,-0.6190808037114129,0.41214441384948103,-0.643711851811843,0.7576363695716013,-0.274565442276503,-0.0015556804754153803,0.27606107424939724
Niger Inland Delta,MlJeJe3,700,3.0140265245405966,0.6738668688790581,-0.6169886151028183,0.42183557182981835,-0.6405370586627425,0.7575880708492319,-0.269045382201044,-0.006412039891588079,0.2981842708678398
Niger Inland Delta,MlJeJe4,900,1.7022451025967156,-0.8642512823372768,0.6655668738646822,-0.16467710168454455,-1.0054285934603855,0.9991933104442774,0.6709999450596926,-0.07868187205972174,1.4897347961556286
Niger Inland Delta,MrWagdM,1000,-0.15709087133806307,0.45122812035144955,0.29053050223645227,0.014936468741046854,0.4402354104205305,0.10801234681905729,0.315560517382742,-0.33300266476647467,0.9541606723919872
Niger Inland Delta,MrWagdL,1100,-1.0677522772225818,-0.3250625390136261,0.359370833245164,-0.19484114341842473,0.25676739172438684,0.19124673840221235,-0.09826237739219384,-0.027479509205467705,-0.3329719325058449
Niger Inland Delta,MlMali*,1300,-1.1659545387444301,-0.04655844592211124,0.7647194360706436,-0.49458882083427413,0.28298771295995373,0.37687472732937444,-0.3375929053890783,-0.19704995860985228,-0.3651370445711507
Niger Inland Delta,MlMali*,1400,-1.2579781221085962,-0.07330873998460537,0.6339296995797574,-0.4525268545529459,0.4424347654535838,0.2870524847927409,-0.21582482094513372,-0.1804798151410298,-0.367514251632711
Niger Inland Delta,MlSong2,1500,-1.7783082453560362,-0.04397342983643928,0.06975074263320215,-0.012044597475878415,0.12937045101966388,0.2865651753079247,-0.13340651849292282,-0.04443985663947229,-0.2015943068888876
Niger Inland Delta,MaSaadi,1600,-2.242897383092215,-0.45717795780469067,-0.43484415842846785,-0.04818896578015742,0.3831644138563286,0.04182023660087744,0.17430397557127777,0.08544126444470329,0.2029451500115331
Niger Inland Delta,MlBaman,1800,-1.606967238487038,-0.03211811506572805,-0.9891104594711514,-0.5118994623955146,0.4498096904756864,0.043397287220441436,0.040032084313634315,-0.2652113861286375,0.12427260429990096
North Colombia,CoNahua,300,3.386641311277325,0.3601257516936937,-0.6562751314598101,0.0038690552258973856,0.2635009500979718,0.5981853027891096,-0.11155738951685377,-0.30512554395382774,0.2124625131396621
North Colombia,CoNahua,600,3.619361657477025,-0.20267929693111938,-1.193878344430672,0.2434775864914651,0.34385941026790534,0.4885550778662215,-0.2736821381008789,0.46614740906740476,0.4884977102789685
North Colombia,CoNahua,700,3.3739586514927007,0.2071453372440735,-0.8393998103837036,0.12019875735472625,0.18903116807906253,0.7926345058887,-0.29885357404513274,-0.2325346655428567,0.32331315493063645
North Colombia,CoNahua,800,3.4836863971597603,-0.20942711861578667,-1.2905161170682902,0.42558995405469496,0.09196456279588203,0.626516541762664,-0.032313553725098164,-0.23705968354603438,0.3047341568562531
North Colombia,CoNahua,900,3.21188085078595,0.04064233771994419,-1.239019987187493,0.2261567495151589,0.6446713899700504,0.568898509976537,-0.1377011008656182,0.1222408609144362,0.4313662629403644
North Colombia,CoNahua,1000,3.499504344056545,-0.5229580575365007,-1.51779988289607,0.3493515652416984,1.0698439324303108,0.20412612260912108,-0.21501603368092687,-0.3695383126929735,0.3606487931425659
North Colombia,CoTairo,1100,2.3012589299446122,-1.1767479880049068,-1.597848170193646,1.7590450725805598,1.3660089532685449,-0.31889828274774185,-0.3769549263365282,-0.34173389115881175,0.579821445884898
North Colombia,CoTairo,1200,1.9782675325474235,-0.8171945283249596,-1.659512887698097,1.8635689407898852,0.8976313138269815,-0.1092843967464848,0.062420731600726004,0.10912985197382163,0.5922908420649154
North Colombia,CoTairo,1400,1.693051654279073,-0.5276656474621791,-1.6379477480131421,1.9110864650558652,0.6710968132451197,0.05324918639853783,0.3465686612679434,0.004027664821095786,0.5161457954136754
Orkhon Valley,MnXngnE,-1400,2.829146852620921,1.6650548875803424,0.7426146322285995,-0.7243217428851274,0.29678990871561484,-0.0753712736458866,-0.09554391063369107,0.2776372433004883,-0.08612490093699725
Orkhon Valley,MnXngnE,-400,2.9251568895885525,1.5765855208009543,0.858643786719468,-0.8609642883438903,0.6842432097266712,-0.16371107518754482,-0.403689749719228,-0.012008806457704977,-0.08617621924931958
Orkhon Valley,MnXngnM,-200,1.2959948097585585,1.605561064264412,0.833226020903583,-1.6026074638026657,0.44515232164966634,-0.6072691357475304,0.35354203810109325,-0.5495483927470001,0.7014960016257956
Orkhon Valley,MnXngnL,0,1.374552145003926,1.5234835390833776,0.8430903528692322,-1.5839103972292687,0.4240363065664579,-0.7050830208657071,0.21705486907682076,-0.6606221388938406,0.7036993627966793
Orkhon Valley,MnXianb,100,1.8713885934485037,2.6090690176145257,1.1266454503802954,-0.9627121272175543,0.40184261378843983,-0.12216704510269885,-0.22657631475936368,-0.17928913068856783,-0.06257688837182862
Orkhon Valley,MnRourn,300,1.7432913954140958,2.3095641774835114,0.5677565064061567,-0.6765222223957122,0.4912530442993986,0.0018907724318789321,0.13347313706424407,0.007688466809215346,-0.01069880973918223
Orkhon Valley,MnRourn,500,0.6509403807717022,1.2294356467136913,0.4770652891114795,-1.8439848649834811,-0.010353297142696992,0.11318464830281448,0.10639289081573113,0.0757722538426177,0.00017396115381552828
Orkhon Valley,MnETurk,600,-0.11898479742746418,0.17038941532500843,1.438767091012193,-1.177170305297067,0.34144219936333836,0.028377505946742917,-0.14255179730489095,0.2509994277384291,-0.40703633242094667
Orkhon Valley,MnTurk2,700,-0.050929199022780036,0.31788485368685343,1.3130117412945412,-0.8737387853220929,0.29883756652740223,0.11019021896019947,-0.07874797650022594,0.21159622441155063,0.07091434313377604
Orkhon Valley,MnUigur,800,-0.5104883428473331,0.30449993439381995,0.8714125004200444,-0.8827214345263972,-0.32146499176660304,0.3553205444310407,-0.5616714693052229,0.3657935061427312,-0.13430558227202438
Orkhon Valley,MnKhit2,1000,-2.2973216051880163,0.2515576085599165,0.5389975051320693,-0.2075743067724176,0.05876146169341946,-0.7035642225473933,0.4941268183440153,0.3556124180495837,-0.07065260876708981
Orkhon Valley,MnMongE,1200,2.9967593914298942,1.2283271957862902,0.33206761760885406,-0.4491510450596316,0.9709718283610874,-0.7670021960321581,0.2798091492040809,-0.4998520633113361,-0.1172034005830157
Orkhon Valley,MnMngKh,1300,-3.3264313951200286,0.17221543796816624,0.5419845048649322,0.07065415860379065,0.4044803974426568,0.516600270990772,0.13152860963817614,0.47269752305894575,0.2672138784437245
Orkhon Valley,MnMongL,1400,-1.1547575863822868,0.3459011697414011,0.365488718850109,-0.7773786640311859,0.7466568799912607,0.46355350052851063,0.31688032353064116,-0.4706104687333902,-0.4718498498390285
Orkhon Valley,MnMongL,1600,-0.5936873783284231,-0.2956983749729062,0.07584218388551538,-0.7339178282421003,1.0187682880793725,-0.16329445490452113,-0.2680511091009991,0.6325510852319229,-0.10061632029382096
Orkhon Valley,MnZungh,1700,-1.3718979053053593,-0.5885994642695368,0.6190370635884982,-0.3070355596435785,-0.3461250459167449,0.5672423465375201,0.15337361664407653,0.19587784666116864,-0.04461444835814057
Oro PNG,PgOrokE,1800,3.465422194620885,0.4580153488167303,0.9813496979666729,-0.3423475641277947,0.01040795315531541,-0.16376676737550014,-0.08091152083674154,-0.15402559376927247,0.1918153120932764
Oro PNG,PgOrokL,1900,0.9967721789402065,-1.6223103658586577,1.5070285924116564,0.046014819014680956,0.7986028771752749,-0.5351218731715515,0.5165592389469174,0.10974734696176973,1.0185018062298998
Paris Basin,FrBeakr,-3200,3.7448408650356773,-0.3688612921159839,0.2194492823770402,0.7435614652129191,-0.1177462587277391,0.38707839260468035,-0.04766732815829191,0.35580621870958046,-0.17051022517878256
Paris Basin,FrAtlBA,-2200,3.660400524280872,0.05791680169582021,-0.09206378326897119,0.5018807319658377,-0.3183134667741915,0.3225398540134599,-0.0491945004277012,0.32401673533529224,-0.15551905369185443
Paris Basin,FrHallA,-1000,4.306339296040231,-0.12171982481991865,-0.19992660222874456,-0.05224643333510737,0.3481033422628977,-0.1781315085587152,-0.7333944809497382,0.0857149163754803,-0.10057732791825451
Paris Basin,FrHallB,-900,3.470342511589723,0.2258471804759493,-0.15834060751345178,-0.06053546497456556,-0.13818662866778056,-0.08962381551173355,-0.5509771324461037,-0.31754870038540756,0.07055340497702133
Paris Basin,FrHallB,-800,3.431648270763332,0.2670520039576828,-0.1606474539329939,-0.05100648101582521,-0.18179588792777507,-0.06602025168612483,-0.5052801571690694,-0.29716851922391013,0.06622226093539929
Paris Basin,FrHallC,-700,3.0681159168312133,0.5358346791267448,-0.32032762213467747,0.0663683580420738,-0.47585132527203333,0.16598747555567855,-0.3768673411806393,0.23780661674260667,0.21049831607480501
Paris Basin,FrHallD,-600,2.5254278935297956,0.9699492052348403,-0.2308091058617871,0.0411378063763884,-0.4098251165923475,0.5430200552563315,-0.3112133849606132,-0.3924536561530984,0.11411690909797088
Paris Basin,FrTeneA,-400,1.8797877047760925,-0.08040032577291815,0.626830648913131,1.4528903490134406,-0.38230476075451597,0.4208839718000434,-0.18624122531433754,-0.21437862139388944,0.15964329264693242
Paris Basin,FrTeneB,-300,1.452084338078382,-1.7365138672080973,0.8811957723794993,0.42528100914071826,0.29524431750714963,-0.47964428130856,-0.5986643633722202,-1.2905689943859888,1.2517370093083924
Paris Basin,FrTeneB,-200,0.916225207121144,-1.1399964181695554,0.7788908744814771,0.5986914146013363,-0.48181797224268613,-0.13188419947865043,0.13028216623609773,-0.5425631480318798,1.2724243708122303
Paris Basin,FrTeneC,-100,0.4488030465298827,-0.7079070987421626,0.8173781360521207,0.46976638647934693,-0.21407150847696907,0.03513994322109326,0.11280893095208827,-0.1661530786340283,1.4049882887374012
Paris Basin,FrMervE,500,-1.5797437469670936,-0.5078278839570998,0.07509348010471527,0.29493917523268354,0.13882896930437225,0.3854027860380483,-0.3764027260796431,-0.04162799847361726,-0.02915833817249099
Paris Basin,FrMervM,600,-1.512297141662645,-0.60998783371903,0.1266369577142715,0.1968507438933628,0.19977437715439852,0.06681932237143715,-0.389280779963808,-0.0042191905020833595,-0.10722769654161234
Paris Basin,FrMervL,700,-1.4165861763472667,-0.5836929889301405,0.22713479357768937,0.15846057094774846,0.11027072122984556,0.18385203172938738,-0.43642120488235536,0.035649613058612396,-0.07776858464574983
Paris Basin,FrCarlE,800,-1.9007505642078966,0.130619606524142,0.664996034273883,-0.12162314291207633,0.44283335658069367,-0.23723779827181074,-0.12996852432317674,-0.42963568996002693,-0.3213207307597287
Paris Basin,FrCarlL,900,-1.4156014929485494,-0.30490016435951356,0.6570353442999999,-0.09645180202031833,0.24276758821333566,0.14655884704024744,-0.5447306658816489,-0.37399410785613485,-0.2074820134235419
Paris Basin,FrCaptE,1000,-1.1149829394581912,-0.13979132200779887,0.6584670292232561,-0.27142050200261075,-0.3519978824391069,-0.0016903887594402118,-0.7672987193708544,0.17353242206758915,-0.12150397135740951
Paris Basin,FrCaptE,1100,-0.805419952657888,-0.6235470087012892,0.3176664034083416,0.11246610956763409,-0.9112715989170701,-0.17102571606714093,-0.4933217820462058,-0.12032329743211306,-0.24698318483584097
Paris Basin,FrCaptL,1200,-2.4950954841815034,0.032663393207613876,-0.14851315309287852,0.4766471166395296,-0.02619197455563528,-0.1767913408470172,0.09003782115689901,-0.16974244390516324,-0.16114412432859077
Paris Basin,FrCaptL,1300,-2.4734804273510895,0.12419808431959428,-0.024885563743732148,0.44497057399374546,-0.21972074823568435,-0.05955782388565759,0.03765417698218118,-0.1695246582571046,-0.16654813997129783
Paris Basin,FrValoE,1400,-2.416436538061601,0.08373577974041443,-0.46426546898357085,0.3617999815825296,0.14680870352220468,-0.22883382884236683,0.22360317755718417,-0.09847725546332377,-0.10511731316949055
Paris Basin,FrValoL,1500,-2.9428617958709857,0.40313070392543665,-0.14727323898921285,0.6507644612098764,-0.4685460945975511,-0.8479147741107995,-0.2044071054291321,-0.15419715084653632,-0.012610897706265058
Paris Basin,FrBurbE,1600,-3.305553549233511,0.7337484713766605,-0.1430723792896856,0.6421142956779075,-0.33639228496739715,-0.6741880964727064,-0.4626587143668524,0.009689604423199567,0.13657213775471613
Paris Basin,FrBurbL,1700,-3.7507764808494124,0.5115323176007465,0.018552127365555546,1.0488355211786402,-0.2476533720554071,-0.938234176102401,-0.3674225235375625,0.04406727817450026,0.1356361376898994
Sogdiana,TjSaraz,-3500,3.720277444276996,0.7222391046139142,-0.3927639910892792,0.3987589253073669,-0.21171707448685528,0.3725900681129666,-0.2788690640126168,0.574533644283949,0.010649412430421822
Sogdiana,KzAndro,-2000,3.8378517446812093,0.8220924814929463,0.11770955526394616,-0.06825279587933203,0.6857647806228585,0.44169166804040594,-0.45423126513496276,-0.40379851918267484,-0.2289154741011346
Sogdiana,UzKok01,-1400,4.477792101010173,0.41199852921709945,0.23023631252916207,-0.060696091854795235,0.5818512876884773,-0.30783353293924126,-0.34032447465572224,-0.5694863524007235,-0.41354022928208767
Sogdiana,UzKok01,-1000,3.6984526721520092,1.3304073245862507,0.4809830601167003,-0.21864441985158634,0.4633145901417539,0.09015031975275864,0.013606782114244891,-0.33877714435396855,-0.4204937986473267
Sogdiana,UzKhw01,-900,4.147480448769963,-0.9303774369691219,-1.6355870905740617,0.7051610325489486,-0.2977296745486512,1.5917357602931608,-0.533080881151061,-0.9712706338370842,0.23850826165577163
Sogdiana,UzKhw01,-800,3.0801265875389574,0.48372824690077587,-1.1994250252467238,0.26599969241463345,-0.20448113630934048,2.119668799414508,-0.32946327500376293,0.4511122641287807,0.5278237037081737
Sogdiana,UzKok02,-700,2.9984028768506388,1.0592025688438234,-0.6628340990656172,0.6366084554493836,-0.032597149776804106,0.27961554230223357,0.755440695009035,-0.07900967949869372,-0.3077319770265167
Sogdiana,AfGrBct,-200,-1.7187004811767388,-0.1736864814575741,0.38592270258181516,-0.027789514492363797,0.5208014902244357,0.49389227842202654,0.2751469450388088,-0.3004965708071714,-0.2964704524626339
Sogdiana,AfTochr,-100,-0.8605572596831965,-0.7682583524931854,0.6992998909912449,-0.15017506406507244,-0.4731370923007696,0.6505106889817017,0.7940859216181968,-0.6122736140459963,-0.3540156570675913
Sogdiana,AfTochr,0,-0.20204517287020315,-1.4201354684035605,0.6044177899658636,-0.23332094999772834,-0.06107186081152992,0.2886348971503084,0.199635364760063,-0.07110386700129356,-0.12651143270322557
Sogdiana,AfKushn,100,-2.1568965366743127,0.12292336091926788,0.3770591545359267,-0.08166248342572789,0.32775702117327743,0.4223279840674697,0.26845961815274005,0.12005711155546059,-0.26605919829193425
Sogdiana,AfKushn,200,-2.119631803733194,0.07767909972346965,0.39288388553004255,-0.09836177797780311,0.4031496975487055,0.39552815284138976,0.2063199192251824,0.005354010022675435,-0.27866748782189693
Sogdiana,AfHepht,500,-1.9390221522782765,0.08851763790444578,0.5999631406006503,-0.20503863774302866,0.2653097873730844,1.1959687363437528,0.055778397472755724,-0.17574001985168677,-0.31951382816128876
Sogdiana,KgWTurk,600,-1.0296895092474316,-0.11706543008144314,0.08369007046206439,-0.7371574991317028,0.895376322072313,0.4527997173832258,-0.2574111875603869,-0.06969814453704562,-0.1289956476708848
Sogdiana,UzSogdi,700,-0.7779075616586097,-1.32559069349247,-0.17679749072575307,0.2827028287269425,0.035873041496628406,0.14972952260074315,0.34509014668161947,0.6650647962400204,-0.17244752296936328
Sogdiana,UzSamnd,900,-2.533146167987166,0.09805452990268762,-0.011137356168339925,0.19026494695876284,0.39321431063511164,0.05557919985694205,-0.036439485806178916,0.16666605799132536,-0.0894515041308787
Sogdiana,KgKarKh,1000,-2.2200531609489227,0.09237841708089886,0.1591145998067689,0.07889334910524877,0.34625616845223545,0.023990701604724777,0.2921347809861461,0.4476920577679616,-0.13522316995175024
Sogdiana,KgKarKh,1100,-1.7307828753564678,-0.4867714585582385,0.09966944096992482,0.09076268697291154,0.6665770610033881,-0.2531176014436837,-0.09104730795481077,-0.043235974178163376,-0.17194550582963
Sogdiana,KgKarKh,1200,-2.1723347806057793,0.03150655033025428,0.12767585040949883,0.10736635747002136,0.3124137582972958,0.00382061362944002,0.300998559403582,0.4446658181191052,-0.13881960444285488
Sogdiana,UzChagt,1300,-1.5102786381875566,0.05057843278643365,0.8227738082837651,-0.3059706710280076,0.15222672241956084,0.7144622865269842,-0.04686095949512909,0.4051508728105601,-0.19410257111722487
Sogdiana,UzTimur,1400,-2.722255639359083,0.46978440809865607,0.28268171591949703,0.07797735228894317,0.3148979653150865,0.15853305369705445,-0.02251285443402182,-0.22107629905254916,-0.1781682669424013
Sogdiana,UzTimur,1500,-2.5589135833421515,0.3384759702993621,0.2420847212516563,0.04610735323120896,0.37858791070034775,0.07515220326609895,-0.166209758917161,0.24393474923344435,-0.05087374133314576
Sogdiana,UzJanid,1600,-1.6874212123927266,-0.6315845484815951,-0.17388097063245006,0.3816514345293252,0.25668420313592516,-0.25199358842825503,-0.11445285294238457,0.1983448041549937,-0.15232113089309288
Sogdiana,UzJanid,1700,-1.8208557665031226,-0.49419048535298593,-0.16906873814506854,0.4069903932278109,0.1377180266363833,-0.17438802828937194,0.0256901063084075,0.18410590413276978,-0.18189471125727727
Southern China Hills,CnHQngL,1800,1.2485378054238871,0.4531310473279957,-0.39269291479254415,1.724166288481576,1.2447379635842313,0.2058517871411021,0.6766749806831488,-0.013765785593414317,-0.2813775786584644
Southern China Hills,CnHChin,1900,0.03280065951788551,-1.811740556022327,0.4417392574429421,0.7914309882290839,0.17877196302275652,0.16096443986887926,1.7033673779776297,-0.8879892817789102,0.5090803937070104
Susiana,IrPrCer,-7800,4.655279221205617,-0.02644483309665866,-0.32423825611914114,0.44741519099436416,-0.29630040618894044,0.08677919420139697,0.27082175535684355,-0.3810329602520382,-0.4632158539114107
Susiana,IrForma,-7200,4.581480707742752,0.21245444486026796,-0.06657992806249415,0.08234507811836599,0.3083030681036044,0.06627569427326503,-0.2111977650570729,0.24957973696341829,-0.22331981490205166
Susiana,IrArcha,-7000,4.183640399700535,0.6565719619432114,0.21700452660022973,-0.19163638680152748,0.8193648105080016,0.1276694942676924,-0.6231536716029984,0.6293383198229844,-0.023352187917555618
Susiana,IrKhzE*,-6000,4.0728212417585405,0.3069528123113154,-0.3571740389268543,0.22437539356138078,0.43125172013053825,0.5299975743150193,-0.6822849774104207,0.21902662196639483,0.029062103871971896
Susiana,IrKhzEM,-5700,4.326625692265512,0.24831332013326515,-0.5122778412544062,0.16259240147079562,0.3914731599399111,0.06073693099700573,-0.402296297463887,0.4442975717609243,-0.03631581350623529
Susiana,IrKhzM*,-5100,3.8195810570366002,0.012650372304255253,0.29051625562153993,1.0129055913189087,-0.26170109086280474,0.37669805008075585,0.15434241471846422,0.16114651409767825,-0.25909578049991344
Susiana,IrKhzM*,-5000,3.5486220799849892,0.3632110732106285,0.4912599921528307,0.8188530679924455,0.016764949104552018,0.36052130340153066,-0.0824881652597755,0.2850889366875045,-0.17137868475590218
Susiana,IrKhzL*,-4700,3.391303323153929,0.22194390936561245,0.19834530422933805,0.9467837260377236,0.3335245145916355,0.11818133000758663,-0.022566094640461394,0.15811740444691805,-0.15653077090013542
Susiana,IrSusa1,-4300,3.0165818443547185,0.18474853504409264,0.30069535583850043,0.5635165498666619,0.7601917883221635,-0.020190602872841256,-0.05895876913533771,-0.08300899452168155,0.08373104188160103
Susiana,IrSusa1,-3900,3.604219045298888,-0.5617184960146374,-0.14528835264276252,0.9651439867802212,0.1960194063706482,-0.2521277899731369,0.14554971598365488,0.10204230761257951,0.06753179833617695
Susiana,IrSusa2,-3800,1.3616484576003631,-2.3286581625124736,-0.5813905419315202,-0.8856979808520885,-0.2318032060037559,-0.02999972748464988,-0.41656592171683643,0.23780483750903614,0.03357122360675044
Susiana,IrSusa2,-3700,0.7263537909024292,-1.6302850369420105,-0.2484268903731133,-1.1072715264388868,0.06343790655562319,-0.06275068296942177,-0.6729722754887043,-0.10570784492683642,0.03999997183025448
Susiana,IrSusa2,-3600,0.6560750939954599,-1.6262942041470674,-0.4827025266827813,-0.8170497553505351,-0.6043028097027339,0.039923120935297624,-0.1495633825751115,0.04940582497313719,-0.034977786730403845
Susiana,IrSusa2,-3500,0.4411783508803,-1.370262665998277,-0.3922115618797824,-0.8907728009804408,-0.5513736867761575,0.011429140299205904,-0.2442099560836166,0.21178281497113277,0.030177524263989647
Susiana,IrSusa2,-3400,0.3755808891752669,-1.3392517980723362,-0.4108170481539286,-0.8341188137752773,-0.63991743570416,-0.06378467824355381,-0.24738544476240704,0.07111581758703074,0.006467752241762278
Susiana,IrSusa2,-3300,0.3426965840582797,-1.2857095145366981,-0.3729793883611156,-0.8787652318639017,-0.5742786097210246,-0.05372702005908358,-0.28981264757855396,0.12465530106991124,0.027736284329748128
Susiana,IrSusa2,-3200,0.49848316257297315,-1.415838026358598,-0.3405556116654132,-0.9698731612186777,-0.33540888414503794,-0.15320626019369063,-0.5413053198803267,0.28950434656070745,0.11286743983350715
Susiana,IrSusa3,-3100,0.7436318660818511,-1.805130559732896,-0.6848480966798102,-0.5669816493919437,-0.7977952884648116,-0.22751548022370827,-0.3619395665087455,0.013874794749672445,0.13509295597541474
Susiana,IrSusa3,-3000,-0.17838119831237348,-0.5021875031420017,0.09941198040145444,-1.3778865643752611,0.26920390418287965,0.32821295321649163,-0.6877915515440374,0.40918673847585385,0.30189286042848634
Susiana,IrAwanE,-2600,-0.6258878672616647,-0.5027165489354106,-0.29895435946269383,-1.0043827540822947,-0.06392831898902133,0.2009136556930369,-0.5964439897313135,-0.020483671559971453,0.23540503009983932
Susiana,IqAkkad,-2200,-1.5180615121375258,-0.06574942908676289,-0.7159772811175058,-0.3392315404360429,-0.04008006913248072,0.15934565466324468,-0.49323239283466397,-0.3564319363495434,-0.08125008461794782
Susiana,IrShima,-2000,-1.4127898532749255,-0.11409831177701664,-0.862617726713912,-0.4074728872221094,0.5166724191260956,0.3389888952498292,0.12037490232440562,0.05925396153790231,0.054626713750747534
Susiana,IrSukkE,-1900,-1.3223888672017858,-0.6309104511901733,-0.9816427719295884,-0.5488517253753942,0.5139335209940267,0.24537354710481024,0.08932403093311388,-0.044600047058949224,0.2908023714015617
Susiana,IrSukkE,-1800,-1.0484079331580485,-0.8646719022626996,-1.0163718390302345,-0.6208745111149199,0.7026931651128943,0.09554344858323381,-0.19628266981920903,0.5033531369349543,0.46343863003657976
Susiana,IrSukkL,-1700,-0.9397521459257514,-0.7039752828424306,-1.3928000051368328,-0.029158321202052927,-0.08445316268132626,-0.4248965950887431,-0.1161958920937848,-0.022796984323615946,0.09822818112085835
Susiana,IrSukkL,-1600,-0.9357057080377152,-0.6375284987686125,-1.2354299485061406,-0.23629494263354078,0.3252403441730609,-0.46698367856438155,-0.43988097620470995,0.09655810165630632,0.19211819504589672
Susiana,IrMElm1,-1500,-0.7769239495205252,-0.17603781284007536,-1.7471483120442886,-1.0681048826815533,0.5100426097960393,-0.02842653201011543,-0.2896922992907637,0.2933627593017844,0.011814639434077297
Susiana,IrMElm2,-1400,-1.4096049987132817,0.23294014108282454,-1.5953576207130664,-1.1902876664284872,0.02038302757538527,0.02589273948859211,0.11632888310384705,-0.03524224140394504,0.16580463273330667
Susiana,IrMElm2,-1300,-1.0490872549932324,-0.15442829509674136,-1.5644635227565535,-1.2846081552193416,0.44982833021954727,-0.19681436107438116,-0.3222757492583235,-0.28736047994482494,0.19537984580735318
Susiana,IrMElm3,-1200,-1.200299174269892,-0.590472305797389,-0.9815654746915936,-0.4908064931684828,0.8548398602717067,0.10546277012225148,-0.17482441636413246,-0.05952206319556539,-0.09902420508593815
Susiana,IrNElm1,-900,-0.6516149091089894,0.06822076588898796,-0.4950184918359796,-0.6432674875683828,0.8605415911281153,-0.5386723482653513,0.09956318459776582,0.14736314673710993,-0.08466305659771475
Susiana,IrNElm2,-700,-1.3159161142504316,0.16886972730944474,-0.781620115742884,-0.4446504283437806,-0.030951598559176164,0.6290001700209124,0.07039414786576297,0.013355223847177255,0.1399688708389822
Susiana,IrNElm3,-600,0.11619870921558757,-1.173213736174196,-0.721823569700765,-1.494184165906565,2.201655755746724,1.1561848997314326,-0.29228726271877487,1.9867980063664972,0.2476463173886563
Susiana,IrAchae,-500,-2.946882720964374,0.5403863104627653,0.009164078059508347,0.3008490828926339,0.4081600492669156,-0.25147889636967236,0.026766259647335946,-0.055633298296583485,0.023201298724847743
Susiana,IrAchae,-400,-2.9222964719399824,0.4990004860956576,-0.02060783486917176,0.33678081086726064,0.35516414577791455,-0.25866238363728744,0.06205279465241925,-0.10301549926725843,0.004956463444236594
Susiana,IrSeleu,-300,-2.64446101319541,0.20394693466213343,0.0031790119815369097,0.20168062459443908,0.7481100725744557,-0.06860622194285713,0.035706582978922353,-0.314951115501018,-0.07421712897567752
Susiana,IrSeleu,-200,-1.8558841253206446,-0.6444302800130718,-0.4274983177930187,0.4517892443332682,0.43486412475454594,-0.4179165870602689,-0.0935076572111239,0.7658194291345763,0.16932644900202368
Susiana,IrPart1,-100,-2.2237345910267394,0.2895623036581164,0.43341930375562937,0.10351184507629174,-0.35159549580991767,0.5097539693346119,-0.2881449283346105,0.2681343867827319,-0.08542890142710625
Susiana,IrPart1,0,-2.3953212021486934,0.4742101199767283,0.4975150464888182,0.07611997868174691,-0.35787217237461616,0.5939588736749548,-0.21077682184457924,0.13100591614410687,-0.12755096232804758
Susiana,IrElym2,100,-1.7586963131144235,-1.0087172948955654,-0.1656999560111834,0.04080633641821169,0.455821214798656,0.4042719854229914,0.44580861753837886,-0.39109215609179837,0.08298285720813718
Susiana,IrSasn1,300,-2.1754551520441106,0.41060021631225024,0.49147115641089356,0.2578243471072201,-0.2930508222087311,-0.006912733158954492,-0.7914192167684295,0.05845378945261374,0.028482112718424223
Susiana,IrSasn1,400,-2.309611793130226,0.5646781344225178,0.4809084166631802,0.28329843589161186,-0.4490835421981167,0.07624549323634046,-0.6378110068601085,0.23890860004317607,0.0382655852709876
Susiana,IrSasn2,500,-2.4932408371871286,0.6141834242883133,0.5687188913642142,0.20094807406487866,-0.7960402383120063,0.33917742477488294,-0.8122041828693152,0.17430828274901325,0.056487183080836056
Susiana,IrSasn2,600,-2.7709149360169323,0.6350455600724195,0.3055308839954184,0.32273150200696676,-0.5642772845509509,0.21065048658399677,-0.4501538808433114,0.028515730477102083,-0.009506536025898717
Susiana,SyCalUm,700,-2.412272518473812,0.5340262731638635,0.692580851818585,-0.19226620234591818,-0.074787342109674,0.9149729002197258,-0.11370066855673365,0.027843139479359007,-0.1709233472029899
Susiana,IqAbbs1,800,-2.6731457344923237,0.7088954006599331,0.6305680412741764,-0.07254853234554749,-0.3985154146587743,0.6394302322703462,-0.17623144193543094,0.16181828518561645,-0.08132426428919325
Susiana,IqAbbs1,900,-2.4216300871771046,0.3780962991587007,0.40139432070400666,0.1443369312069778,-0.7378530779079187,0.5501366130199131,-0.015807654901235715,0.2650745698916787,-0.0983891220206538
Susiana,IrBuyid,1000,-2.322488610201717,-0.003711330816467503,-0.014497017405210371,0.34447912025471067,0.02930149839847263,0.2202650569261144,-0.25526969153863255,0.08643529231981349,-0.00616922401134719
Susiana,IrSeljq,1100,-2.6743088420899834,0.5645646883961903,0.26816323380766527,0.06247118311881055,0.01841605149472184,0.34441231568866526,0.4572539146963371,0.45491784748630965,-0.19863218071452457
Susiana,IqAbbs2,1200,-2.369036086092571,0.12362832123493323,-0.023265271818538456,0.20697550170640788,0.0007600718940810769,0.4560897204438444,0.7453308395292128,0.5929962486080235,-0.22593296602353377
Susiana,IrIlkhn,1300,-2.641221639139995,0.3637767695453212,0.06720281433156691,0.19550719703338457,-0.13507381097512988,-0.043125830090267415,-0.689878712436303,0.16106129888724036,0.07502534812209784
Susiana,IrAkKoy,1500,-1.9184265943084384,-0.10074686484916646,0.3926062938703377,-0.06866248617237916,0.5331308747972148,0.4339723002417739,-0.030366093557910197,-0.24938027028996174,-0.2092819138967982
Susiana,IrSafvd,1600,-2.559600284212547,0.3290779822980469,0.24689365668532007,0.1211801744137932,0.05149590107964235,-0.1698099739761571,-0.05652799380204492,0.14117644603306975,-0.12152183471873601
Upper Egypt,EgBadar,-4400,4.420387516371598,-0.6146237237938145,-0.21614533002288855,-0.11069990523237391,0.15602004252130786,-0.21060315196064575,-0.37631600017730166,-1.0254361609121234,-0.2220799170436859
Upper Egypt,EgNaqa1,-3800,4.323139648734554,-1.4923052939039223,0.1555046984810383,0.7503854066339476,-0.14874682946357162,-0.07285782962299014,-0.18733590092005087,0.09120357320921507,0.0244789590496642
Upper Egypt,EgNaqa1,-3700,2.8692976843239664,0.19343258053713025,0.8308825892399779,0.287825314388934,0.15745280264193673,0.5710963576703093,0.10361814863982172,-0.3684116212445788,-0.10200258794397563
Upper Egypt,EgNaqa1,-3600,2.705687327292477,0.3947168269501716,0.7030683863111705,0.40686438881946724,-0.29949944771003745,0.6197402951097237,0.3719425780754023,0.4439577173709657,0.024546455784199506
Upper Egypt,EgNaqa2,-3500,1.8977940896667849,0.12713709712867713,0.7190561661609793,-0.16746126115149226,-0.47970832218676973,0.26286679518805944,0.35670623742321717,0.40000455034814075,0.7774520850589529
Upper Egypt,EgNaqa2,-3400,1.6753851557099968,0.21780655464291518,0.6340276985799308,-0.12537668279588157,-0.32969851058007615,0.23483886958772818,0.5577314231820585,0.12215119440890995,0.6977309703878878
Upper Egypt,EgNaqa3,-3300,1.5183070214453411,-0.23378176822663668,0.5382150295428769,-0.37826577378595355,-0.44496059862122717,0.2859417964643741,0.30934681375432005,0.12027980042795881,0.030711141307874067
Upper Egypt,EgNaqa3,-3200,1.5299201754327116,-0.2289330075033043,0.5519046349316005,-0.38029791571057286,-0.4603402292528215,0.29500370338190474,0.29830954402656273,0.1174953121547193,0.036011234745204124
Upper Egypt,EgDyn1*,-3100,-0.010527591403784276,0.05626182288590682,0.1785412278412179,-0.6785736527278293,-0.6260899803471883,0.45315977449260836,-0.5034540301180751,-0.39249755180437074,0.2339983452297828
Upper Egypt,EgDyn2*,-2900,0.09426218610192552,0.18512408825600496,0.19377882592240536,-0.5609681365426625,-0.5516365745014792,0.4880077511977981,-0.4166004879144903,-0.45187571562090834,0.4248319402685507
Upper Egypt,EgDyn2*,-2800,0.006697227705347888,0.3152867831809426,0.2809519904268979,-0.6564749320548287,-0.412774938013793,0.517870162012835,-0.4969064955012549,-0.37668399654865325,0.45999541121750465
Upper Egypt,EgDyn2*,-2700,-0.0036932647019819126,0.33073193976070026,0.29129599241687926,-0.6678078059782442,-0.39629756160643925,0.521413647426634,-0.5064356379501576,-0.3677617175866059,0.4641679225119852
Upper Egypt,EgOldK1,-2600,-1.1981903241332559,0.41276754514112324,-0.2568549894269403,-0.5934947160405039,-0.5618110433764727,-0.6875737861809883,-0.46568094881553596,0.0024192550554833804,-0.10907764451506799
Upper Egypt,EgOldK2,-2300,-1.3511948313623667,0.25641810116347136,-0.5182562764469861,-0.5317538546204952,-0.3659473060121275,-0.4573553619328495,-0.3688773216332316,-0.0477082276360968,-0.15201459235860215
Upper Egypt,EgRegns,-2100,0.4982701518652607,-0.7470984553809328,-1.1409800507745163,-1.2164833039922773,0.5941630479519242,-0.4369930535064679,-0.6735378366691163,-0.9630272255409565,-0.24872956448843603
Upper Egypt,EgMidKg,-2000,-1.2647905967035393,0.1286209390776147,-0.5411369487041097,-0.5704232613040718,-0.19844472187975998,-0.4633307319082273,-0.3472642855372251,-0.12480842784437744,-0.2027300526786829
Upper Egypt,EgMidKg,-1900,-1.3139351258674137,0.2016728136393113,-0.4922123080288319,-0.6240250283047307,-0.12051069588267742,-0.4465708984534272,-0.39233483663607954,-0.08260819502872785,-0.18299507815008856
Upper Egypt,EgMidKg,-1800,-1.3215853012159702,0.21304457076967698,-0.484596362034458,-0.6323690479448447,-0.10837894948810763,-0.4439619475300337,-0.3993508285446108,-0.07603901660170263,-0.1799229963087992
Upper Egypt,EgThebH,-1700,-0.8588170498899659,-0.10554420564103606,-0.583613923788836,-0.39090932890779423,-0.7874345872036599,-0.3605819833666288,0.28017837625290914,-0.2581809755164736,-0.40411310321919314
Upper Egypt,EgNKThu,-1500,-1.703310735673295,0.4746871695739327,-0.5852289366990234,-0.5431410421724261,-0.08976809087373702,-0.5154012943163562,-0.19863544907253183,-0.16263910575379964,-0.17946566602487696
Upper Egypt,EgNKThu,-1400,-1.7704640085579235,0.5602727841187574,-0.563624308640325,-0.5624464542601495,-0.0990591332365603,-0.4807556005256731,-0.1733658116213038,-0.08448713080148426,-0.16634152516942685
Upper Egypt,EgNKThu,-1300,-1.7798582571091863,0.5742370539661684,-0.5542720929897849,-0.572692728475373,-0.08416161314076481,-0.47755186566787916,-0.18198129673365895,-0.07642032290371285,-0.1625690756408891
Upper Egypt,EgNKRam,-1200,-1.9155078969017345,0.6836511941366604,-0.523972388965647,-0.3114256025646969,-0.3653534889173087,-0.45057414243986355,0.039501202535915686,0.18805548788640208,0.12184479982340186
Upper Egypt,EgNKRam,-1100,-1.891044604084637,0.6472872401290527,-0.5483262251133005,-0.28474357418919943,-0.4041476930905652,-0.45891689636072003,0.06193653985052598,0.1670489451463855,0.11202107236390983
Upper Egypt,EgThebL,-1000,-1.1714886982234531,0.15209248051177618,-0.7576755741605666,-0.4317680066851878,-0.16127595187335217,-0.46572047866323685,0.1199816760356993,0.5872985661406761,-0.03275657877995042
Upper Egypt,EgThebL,-900,-1.3716597373293704,0.3291377825233874,-0.6714693975230666,-0.4402868484126654,-0.1453716072234527,-0.372747231439792,0.22231977356483282,0.04304653280181938,-0.16768163896679306
Upper Egypt,SdKusht,-700,-1.5402285483157951,0.4249363807388269,-0.5833554370036029,-0.5162054050857479,-0.10158412607391734,-0.2380529929553623,-0.2191104891592641,-0.07142846950912703,-0.027159284263420742
Upper Egypt,EgSaite,-600,-1.482949256384615,0.06270120892309898,-0.6566949243558415,-0.3397904357057302,-0.1595748441710508,0.3236181897626463,-0.4580371815844232,-0.06568872937035358,0.062272822837022054
Upper Egypt,EgIntOc,-400,-1.9028272489332279,-0.4189367081421339,0.38890244443168165,-0.13981401470896745,-0.07883740445142896,0.0991445194898322,-0.22107906951797968,-0.07417492235166949,0.23748803669385957
Upper Egypt,EgPtol1,-300,-2.820594361990464,-0.1446540560199637,-0.19705855894857338,0.13785553452651875,0.22433496601551678,-0.2699928848498539,0.21627331891588905,0.033458214593092936,0.23122807520994448
Upper Egypt,EgPtol2,-200,-2.7241782257781533,-0.21271966517550284,-0.2538299152120389,0.1548027639323664,0.12647824507349978,-0.0814357487023637,0.4444166117164632,0.25346060441438156,0.21970766511156725
Upper Egypt,EgPtol2,-100,-2.7437596377132762,-0.2088902826987549,-0.31468151039693126,0.2292217104606611,-0.048061575292944664,-0.053903963648852415,0.580685284772187,0.3066542839704363,0.2029912079403273
Upper Egypt,EgTulIk,900,-2.0798008293361163,0.07902340633545363,0.3918598312714415,0.10852133743222792,-0.2598705383067215,0.39789180298628796,-0.20654001560134244,0.02454215745792679,0.004813721023165925
Upper Egypt,TnFatim,1000,-2.774184513574681,0.2559585492577,0.025881059102558873,0.3065722492603255,0.0383473990237502,-0.6383029127579289,-0.19300020799917492,-0.11392893101807716,-0.07359918335874091
Upper Egypt,TnFatim,1100,-2.605666355130858,0.061731913326098085,-0.08030336982112084,0.3843754509583471,-0.06601638891960027,-0.7097408314960366,-0.18657837115966186,0.046841833237928954,-0.04392190435486345
Upper Egypt,EgAyyub,1200,-2.529446432963577,0.22654525006864645,0.21642823272743886,0.17675882920777,-0.1910522936044409,0.05034120141462515,-0.25177432994420823,0.061377415954096674,-0.04681268804966953
Upper Egypt,EgMamBh,1300,-2.8682574934872536,0.29255575614561447,-0.07147618402059364,0.35483786598073613,0.007813087732793439,-0.4952768142365272,-0.2659430554872075,0.15640150361260574,0.06235616213788213
Upper Egypt,EgMamCP,1400,-2.946817153852907,0.21829625447195974,-0.2056697051033232,0.4176012086381691,-0.0005763612409228641,-0.3562092747186104,-0.40072160390277467,0.21572847764445302,0.12511445514267344
Upper Egypt,EgMamBu,1500,-2.7894677861857096,0.2878487173113747,-0.02710821828243372,0.29648478304549963,0.03612425281580128,-0.37119835735392304,-0.09608653277136325,0.23053164959966135,0.01972657893015867
Valley of Oaxaca,MxTieLa,-1400,5.028512555287506,0.14620665409314326,-0.480990004845436,-0.08838155173774306,0.06215038185684819,-0.2917698411443133,-0.15993865218528164,0.3017917212141574,-0.2527956076203734
Valley of Oaxaca,MxSanGu,-1100,4.8660597993264325,0.43846438600983745,-0.43152709131195244,0.10442417721401444,-0.7277181199009032,-0.3003214176344628,0.4379691534195911,0.09750002365120235,-0.4722087440890518
Valley of Oaxaca,MxRosar,-700,4.238968128184961,-0.272129393486452,-0.2573718231079758,-0.8101617569493652,-1.0291022208636618,-0.5214444688279424,0.4910218354408677,-0.24034951007719332,0.07515802468695541
Valley of Oaxaca,MxAlb1E,-500,3.7976462948872847,0.42767197004721125,0.19171172776271775,-1.201414604074696,-0.6683440313708077,-0.18546101526085107,0.4839933690198036,-0.16405208414416533,0.07680805326170055
Valley of Oaxaca,MxAlb1E,-400,3.66895128896742,0.5709350259518122,0.16714159602474088,-1.1597673653359368,-0.854967772951576,-0.10194095708839043,0.6590613533529722,0.015593295141752332,0.08177644879215817
Valley of Oaxaca,MxAlb1L,-300,2.4526059455938474,0.8843350637594857,-1.037098192924169,-0.399391667809572,0.3911331014298793,-0.4820484398077718,0.8385340086333227,-0.14882843698626655,0.026265226878068315
Valley of Oaxaca,MxAlb2*,-100,2.406275547483481,1.5185561788540738,-0.8264566497120304,-0.20427545734503338,0.12659982834624106,-0.4412517899309882,0.44552922789825705,0.22389813155495783,-0.10904416546638403
Valley of Oaxaca,MxAlb3A,200,2.1327726322654863,1.7434757946873138,-0.3951090225236152,-0.550523601520993,-0.196366043999067,-0.30288791126765874,0.6083453815309245,-0.4113592936803691,-0.10172332544166843
Valley of Oaxaca,MxAlb3B,500,2.182891780430593,0.6566526050205495,-0.4308131176626508,-0.5769022926561292,0.01850203145543027,-1.0175182257636783,1.3033241157715048,0.536192615539258,0.35353788850353546
Valley of Oaxaca,MxAlb3B,700,1.9900271263493448,0.9845387161055852,-0.18186077643993986,-0.867994691058779,0.4436960112224964,-0.8404292298597453,1.1437720848143864,0.7507466279331796,0.4330255323573034
Valley of Oaxaca,MxAlb5*,900,2.497480110549337,0.5458143291035258,-0.9173761775682137,-0.7789933593807631,0.11521946330029731,-1.133032023396182,1.3133096407537164,0.22398059191460087,0.3058394643507446
Valley of Oaxaca,MxAlb5*,1000,2.481406819381311,0.5586182058671767,-0.9167030601741455,-0.7747944638512325,0.10858653093274265,-1.157511236342657,1.2939058905140506,0.22460998329236775,0.31174523153604167
Yemeni Coastal Plain,YeQasmi,1700,-0.05211999583408342,-0.7647770358838857,1.1205994093548761,-0.22061061594233067,0.10063677707894064,-0.48008148473712425,0.8369161985774716,-0.878148642340557,-0.6274772556360658
Yemeni Coastal Plain,YeOttoL,1900,0.9479626200120596,-0.8416581470047891,0.7134515233098021,-0.9540169742252772,0.11153711375078182,-0.6274825061291002,0.10506433119829142,1.155744199390299,-0.09865444378496976
